,brand,model
0,acura,integra
1,acura,legend
2,acura,vigor
3,acura,rlx
4,acura,ilx
5,acura,mdx
6,acura,rdx
7,acura,tsx
8,acura,rsx
9,audi,quattro
10,audi,a4
11,audi,a6
12,audi,a5
13,audi,a7
14,audi,q3
15,audi,q5
16,audi,q7
17,audi,a8
18,audi,a3
19,bmw,3-series
20,bmw,5-series
21,bmw,6-series
22,bmw,4-series
23,bmw,xdrive
24,bmw,alpina
25,bmw,330ci
26,bmw,328i
27,bmw,330c
28,bmw,335i
29,bmw,335d
30,bmw,528i
31,bmw,535i
32,bmw,128i
33,bmw,640i
34,bmw,3er
35,bmw,5er
36,bmw,m5
37,bmw,m3
38,bmw,m6
39,bmw,bmws
40,bmw,bmwesque
41,buick,park avenue
42,buick,la crosse
43,buick,lacrosse
44,buick,century
45,buick,enclave
46,buick,encore
47,buick,regal
48,buick,buicks
49,cadillac,escalade
50,cadillac,srx
51,cadillac,xts
52,car,cars
53,chevrolet,grand blazer
54,chevrolet,trailblazer
55,chevrolet,silverado
56,chevrolet,colorado
57,chevrolet,corvette
58,chevrolet,suburban
59,chevrolet,cavalier
60,chevrolet,caprice
61,chevrolet,captiva
62,chevrolet,equinox
63,chevrolet,express
64,chevrolet,lacetti
65,chevrolet,montana
66,chevrolet,uplander
67,chevrolet,orlando
68,chevrolet,tornado
69,chevrolet,tracker
70,chevrolet,traverse
71,chevrolet,camaro
72,chevrolet,cobalt
73,chevrolet,impala
74,chevrolet,lumina
75,chevrolet,malibu
76,chevrolet,prisma
77,chevrolet,tavera
78,chevrolet,agile
79,chevrolet,celta
80,chevrolet,cruze
81,chevrolet,lanos
82,chevrolet,omega
83,chevrolet,optra
84,chevrolet,sonic
85,chevrolet,spark
86,chevrolet,tahoe
87,chevrolet,aveo
88,chevrolet,lova
89,chevrolet,n200
90,chevrolet,niva
91,chevrolet,onix
92,chevrolet,s-10
93,chevrolet,sail
94,chevrolet,volt
95,chevrolet,chevy
96,chevrolet,malibus
97,chrysler,town and country
98,chrysler,chrysler 300
99,chrysler,chrysler 200
100,chrysler,pacifica
101,chrysler,cruiser
102,chrysler,sebring
103,chrysler,300m
104,chrysler,lx
105,chrysler,chryslers
106,dodge,challenger
107,dodge,intrepid
108,dodge,avenger
109,dodge,charger
110,dodge,durango
111,dodge,journey
112,dodge,caliber
113,dodge,stealth
114,dodge,magnum
115,dodge,viper
116,dodge,dart
117,dodge,ram
118,ford,crownvictoria
119,ford,expedition
120,ford,supervan
121,ford,freestar
122,ford,explorer
123,ford,mustang
124,ford,ecoline
125,ford,tourneo
126,ford,everest
127,ford,fiesta
128,ford,fusion
129,ford,taurus
130,ford,galaxy
131,ford,escape
132,ford,focus
133,ford,f-150
134,ford,c-max
135,ford,s-max
136,ford,kuga
137,ford,cmax
138,ford,f150
139,ford,fords
140,ford,fusions
141,ford,fusionmilan
142,honda,crosstour
143,honda,ridgeline
144,honda,inspire
145,honda,mobilio
146,honda,prelude
147,honda,shuttle
148,honda,spirior
149,honda,stepwgn
150,honda,crider
151,honda,insight
152,honda,legend
153,honda,odyssey
154,honda,stream
155,honda,amaze
156,honda,hobio
157,honda,n-box
158,honda,n-one
159,honda,n-wgn
160,honda,pilot
161,honda,vamos
162,honda,vezel
163,honda,spike
164,honda,acty
165,honda,brio
166,honda,city
167,honda,civic
168,honda,cr-v
169,honda,freed
170,honda,jade
171,honda,zest
172,honda,aria
173,honda,ex-l
174,honda,cr-z
175,honda,jazz
176,honda,nsx
177,honda,nbox
178,honda,exl
179,honda,fcx
180,honda,5dr
181,honda,crv
182,honda,accord
183,honda,hondas
184,honda,accords
185,honda,odessey
186,hyundai,centennial
187,hyundai,grandeur
188,hyundai,veloster
189,hyundai,elantra
190,hyundai,genesis
191,hyundai,tiburon
192,hyundai,tuscani
193,hyundai,dynasty
194,hyundai,santamo
195,hyundai,stellar
196,hyundai,accent
197,hyundai,lantra
198,hyundai,avante
199,hyundai,santro
200,hyundai,sonata
201,hyundai,scoupe
202,hyundai,matrix
203,hyundai,lavity
204,hyundai,verna
205,hyundai,equus
206,hyundai,azera
207,hyundai,xcent
208,hyundai,click
209,hyundai,atos
210,hyundai,atoz
211,hyundai,ix20
212,hyundai,getz
213,hyundai,pony
214,hyundai,i10
215,hyundai,i20
216,hyundai,i30
217,hyundai,i40
218,hyundai,i45
219,hyundai,xg
220,hyundai,santa
221,hyundai,sonatas
222,hyundai,hyundais
223,hyundai,veracruz
224,hyundai,excel
225,infiniti,qx50
226,infiniti,qx60
227,infiniti,qx70
228,infiniti,fx35
229,infiniti,q50
230,infiniti,q60
231,infiniti,q70
232,infiniti,g37
233,infiniti,g25
234,infiniti,6mt
235,kia,cadenza
236,kia,sorento
237,kia,sedona
238,kia,forte
239,kia,koup
240,kia,k900
241,kia,kias
242,kia,optima
243,lincoln,navigator
244,lincoln,town car
245,lincoln,zephyr
246,lincoln,mkz
247,lincoln,mks
248,lincoln,mkx
249,lincoln,mkc
250,lincoln,mkt
251,mazda,az-offroad
252,mazda,az-wagon
253,mazda,familia
254,mazda,premacy
255,mazda,biante
256,mazda,carol
257,mazda,scrum
258,mazda,mazda2
259,mazda,mazda3
260,mazda,mazda5
261,mazda,atenza
262,mazda,mazda6
263,mazda,mazda8
264,mazda,bongo
265,mazda,demio
266,mazda,axela
267,mazda,rx-8
268,mazda,cx-7
269,mazda,bt-50
270,mazda,mx-5
271,mazda,cx-5
272,mazda,cx-9
273,mazda,6i
274,mazda,cx9
275,mazda,cx5
276,mazda,rx8
277,mazda,mazdas
278,mazda,mazda6s
279,mazda,mazda6i
280,mercedes,mercedes-benz
281,mercedes,benz
282,mercedes,cl-class
283,mercedes,c-class
284,mercedes,e-class
285,mercedes,s-class
286,mercedes,mercedesbenz
287,mercedes,mercedes
288,mercury,milan
289,mercury,mercury
290,mitsubishi,galant
291,mitsubishi,lancer
292,nissan,pathfinder
293,nissan,frontier
294,nissan,sentra
295,nissan,altima
296,nissan,maxima
297,nissan,murano
298,nissan,armada
299,nissan,xterra
300,nissan,versa
301,nissan,rogue
302,nissan,titan
303,nissan,cube
304,nissan,juke
305,nissan,leaf
306,nissan,370z
307,nissan,altimas
308,nissan,nissans
309,nissan,quest
310,pontiac,streamliner
311,pontiac,grand prix
312,pontiac,grand am
313,pontiac,sunfire
314,pontiac,torpedo
315,pontiac,aztek
316,pontiac,vibe
317,pontiac,wave
318,pontiac,gxp
319,pontiac,gto
320,pontiac,g6
321,pontiac,g3
322,pontiac,g4
323,pontiac,g5
324,pontiac,g8
325,problem,problems
326,saturn,aura
327,seat,seats
328,sedan,sedans
329,subaru,outback sport
330,subaru,grand wagon
331,subaru,impreza xv
332,subaru,crosstrek
333,subaru,lancaster
334,subaru,forester
335,subaru,impreza
336,subaru,tribeca
337,subaru,liberty
338,subaru,outback
339,subaru,gravel
340,subaru,legacy
341,subaru,sambar
342,subaru,stella
343,subaru,exiga
344,subaru,pleo
345,subaru,brz
346,subaru,wrx
347,subaru,dex
348,subaru,r1
349,subaru,r2
350,suzuki,every landy
351,suzuki,cappuccino
352,suzuki,mighty boy
353,suzuki,geo metro
354,suzuki,mr wagon
355,suzuki,palette
356,suzuki,wagon r
357,suzuki,kizashi
358,suzuki,equator
359,suzuki,splash
360,suzuki,ertiga
361,suzuki,cultus
362,suzuki,esteem
363,suzuki,fronte
364,suzuki,escudo
365,suzuki,lapin
366,suzuki,solio
367,suzuki,swift
368,suzuki,landy
369,suzuki,jimny
370,suzuki,aerio
371,suzuki,liana
372,suzuki,cervo
373,suzuki,forsa
374,suzuki,ignis
375,suzuki,x-90
376,suzuki,xl7
377,suzuki,sx4
378,suzuki,apv
379,toyota,camrybest
380,toyota,corolla/sprinter
381,toyota,urban cruiser
382,toyota,land cruiser
383,toyota,highlander
384,toyota,fj cruiser
385,toyota,hilux surf
386,toyota,fortuner
387,toyota,stallion
388,toyota,vanguard
389,toyota,4runner
390,toyota,alphard
391,toyota,avensis
392,toyota,century
393,toyota,coaster
394,toyota,comfort
395,toyota,granvia
396,toyota,liteace
397,toyota,scepter
398,toyota,sequoia
399,toyota,succeed
400,toyota,townace
401,toyota,toyoace
402,toyota,venture
403,toyota,allion
404,toyota,aurion
405,toyota,avalon
406,toyota,avanza
407,toyota,condor
408,toyota,fiedler
409,toyota,majesta
410,toyota,estima
411,toyota,hiclass
412,toyota,innova
413,toyota,kijang
414,toyota,kingdom
415,toyota,kluger
416,toyota,matrix
417,toyota,miniace
418,toyota,picnic
419,toyota,premio
420,toyota,probox
421,toyota,qualis
422,toyota,ractis
423,toyota,sienna
424,toyota,sienta
425,toyota,sparky
426,toyota,tacoma
427,toyota,tamaraw
428,toyota,tarago
429,toyota,tundra
430,toyota,vienta
431,toyota,auris
432,toyota,belta
433,toyota,camry
434,toyota,carri
435,toyota,rumion
436,toyota,etios
437,toyota,hilux
438,toyota,hiace
439,toyota,mark x
440,toyota,passo
441,toyota,porte
442,toyota,prius
443,toyota,sofia
444,toyota,tiara
445,toyota,venza
446,toyota,verso
447,toyota,yaris
448,toyota,zelas
449,toyota,aygo
450,toyota,cami
451,toyota,dyna
452,toyota,isis
453,toyota,nadia
454,toyota,noah
455,toyota,raum
456,toyota,rav4
457,toyota,reiz
458,toyota,vios
459,toyota,voxy
460,toyota,platz
461,toyota,axio
462,toyota,ist
463,toyota,sai
464,toyota,vitz
465,toyota,echo
466,toyota,bb
467,toyota,iq
468,toyota,zio
469,toyota,camrys
470,toyota,solara
471,toyota,corolla
472,toyota,toyotas
473,volkswagen,sportwagen
474,volkswagen,touraeg
475,volkswagen,passat
476,volkswagen,tiguan
477,volkswagen,beetle
478,volkswagen,rabbit
479,volkswagen,jetta
480,volkswagen,golf
481,volkswagen,gti
482,volkswagen,eos
483,volkswagen,volkwagen
484,volkswagen,vw
485,volkswagen,vws
486,volkswagen,passats
487,volkwagen,passat
488,volvo,xc60
489,volvo,xc70
490,volvo,xc90
491,volvo,s60
492,volvo,s80
493,volvo,v60
494,volvo,c70
495,lexus,is300
496,jaguar,x-type
497,porsche,911
498,infiniti,g35
499,bmw,330i
500,bmw,325i
501,cadillac,cts-v
502,bmw,zhp
503,subaru,sti
504,bmw,530i
505,jaguar,jag
506,volvo,s40
507,bmw,bimmer
508,bmw,325
509,audi,s4
510,bmw,8t
511,lexus,es330
512,lamborghini,evo
513,infiniti,m45
514,cadillac,caddy
515,infiniti,i35
516,nissan,350z
517,acura,tl
518,renault,le
519,mercedes,g
520,lexus,ct
521,mercedes,v
522,ferrari,p
523,lexus,is350
524,chevrolet,beat
